name,value
Abbot,1
Aldred,1
Anderson,1
Archer,1
Averill,1
Bailey,1
Barnstable,1
Bleasdale,1
Bloom,1
Brady,1
Brewer,1
Brookes,1
Brown,1
Burgess,1
Cable,1
Campbell,1
Chamberlain,1
Chissick,1
Clarke,1
Corbett,1
Curtis,1
Dalziel,1
Dangerfield,1
Davies,1
Dawson,1
Dedlock,1
Dehn,1
Dobson,1
Doughty,1
Dyer,1
Eaton,1
Edwards,1
Elliot,1
Evans,1
Faber,1
Finch,1
Ford,1
Fraser,1
Freeman,1
Gabriel,1
Gibson,1
Gogan,1
Gray,1
Green,1
Griffith,1
Haigh,1
Hall,1
Harker,1
Harrison,1
Healy,1
Hobbs,1
Hydewell,1
Idle,1
Insull,1
Jeeves,1
Johnson,1
Jones,1
Kavanagh,1
Kemp,1
King,1
Knight,1
Lamb,1
Lawrence,1
Leather,1
Lewis,1
Loxton,1
Lucy,1
Lyndsey,1
Lynch,1
Maghie,1
Matthias,1
Meats,1
Mitchell,1
Moxon,1
Napier,1
Newton,1
Norris,1
Odd,1
Owen,1
Palmer,1
Pascoe,1
Peel,1
Pippin,1
Pook,1
Porter,1
Quatermass,1
Quinn,1
Raven,1
Reynolds,1
Rimes,1
Risholt,1
Roberts,1
Savage,1
Scott,1
Sedgwick,1
Sharpe,1
Shoesmith,1
Simpson,1
Smith,1
Steel,1
Taylor,1
Thomas,1
Titmarsh,1
Tompkins,1
Turnbull,1
Uckley,1
Updike,1
Vine,1
Walker,1
Warren,1
Watkins,1
Watson,1
West,1
Wilkins,1
Williams,1
Wilson,1
Young,1
Zedan,1